<?xml version="1.0" encoding="UTF-8"?>
<thumbnails version="1.2.0">
  <thumbnail camera_id="0" path="c0.jpg"/>
  <thumbnail camera_id="1" path="c1.jpg"/>
  <thumbnail camera_id="2" path="c2.jpg"/>
  <thumbnail camera_id="3" path="c3.jpg"/>
  <thumbnail camera_id="4" path="c4.jpg"/>
  <thumbnail camera_id="5" path="c5.jpg"/>
  <thumbnail camera_id="6" path="c6.jpg"/>
  <thumbnail camera_id="7" path="c7.jpg"/>
  <thumbnail camera_id="8" path="c8.jpg"/>
  <thumbnail camera_id="9" path="c9.jpg"/>
  <thumbnail camera_id="10" path="c10.jpg"/>
  <thumbnail camera_id="11" path="c11.jpg"/>
  <thumbnail camera_id="12" path="c12.jpg"/>
  <thumbnail camera_id="13" path="c13.jpg"/>
  <thumbnail camera_id="14" path="c14.jpg"/>
  <thumbnail camera_id="15" path="c15.jpg"/>
  <thumbnail camera_id="16" path="c16.jpg"/>
  <thumbnail camera_id="17" path="c17.jpg"/>
  <thumbnail camera_id="18" path="c18.jpg"/>
  <thumbnail camera_id="19" path="c19.jpg"/>
  <thumbnail camera_id="20" path="c20.jpg"/>
  <thumbnail camera_id="21" path="c21.jpg"/>
  <thumbnail camera_id="22" path="c22.jpg"/>
  <thumbnail camera_id="23" path="c23.jpg"/>
  <thumbnail camera_id="24" path="c24.jpg"/>
  <thumbnail camera_id="25" path="c25.jpg"/>
  <thumbnail camera_id="26" path="c26.jpg"/>
  <thumbnail camera_id="27" path="c27.jpg"/>
  <thumbnail camera_id="28" path="c28.jpg"/>
  <thumbnail camera_id="29" path="c29.jpg"/>
  <thumbnail camera_id="30" path="c30.jpg"/>
  <thumbnail camera_id="31" path="c31.jpg"/>
  <thumbnail camera_id="32" path="c32.jpg"/>
  <thumbnail camera_id="33" path="c33.jpg"/>
  <thumbnail camera_id="34" path="c34.jpg"/>
  <thumbnail camera_id="35" path="c35.jpg"/>
  <thumbnail camera_id="36" path="c36.jpg"/>
  <thumbnail camera_id="37" path="c37.jpg"/>
  <thumbnail camera_id="38" path="c38.jpg"/>
  <thumbnail camera_id="39" path="c39.jpg"/>
  <thumbnail camera_id="40" path="c40.jpg"/>
  <thumbnail camera_id="41" path="c41.jpg"/>
  <thumbnail camera_id="42" path="c42.jpg"/>
  <thumbnail camera_id="43" path="c43.jpg"/>
  <thumbnail camera_id="44" path="c44.jpg"/>
  <thumbnail camera_id="45" path="c45.jpg"/>
  <thumbnail camera_id="46" path="c46.jpg"/>
  <thumbnail camera_id="47" path="c47.jpg"/>
  <thumbnail camera_id="48" path="c48.jpg"/>
  <thumbnail camera_id="49" path="c49.jpg"/>
  <thumbnail camera_id="50" path="c50.jpg"/>
  <thumbnail camera_id="51" path="c51.jpg"/>
  <thumbnail camera_id="52" path="c52.jpg"/>
  <thumbnail camera_id="53" path="c53.jpg"/>
  <thumbnail camera_id="54" path="c54.jpg"/>
  <thumbnail camera_id="55" path="c55.jpg"/>
  <thumbnail camera_id="56" path="c56.jpg"/>
  <thumbnail camera_id="57" path="c57.jpg"/>
  <thumbnail camera_id="58" path="c58.jpg"/>
  <thumbnail camera_id="59" path="c59.jpg"/>
  <thumbnail camera_id="60" path="c60.jpg"/>
  <thumbnail camera_id="61" path="c61.jpg"/>
  <thumbnail camera_id="62" path="c62.jpg"/>
  <thumbnail camera_id="63" path="c63.jpg"/>
  <thumbnail camera_id="64" path="c64.jpg"/>
  <thumbnail camera_id="65" path="c65.jpg"/>
  <thumbnail camera_id="66" path="c66.jpg"/>
  <thumbnail camera_id="67" path="c67.jpg"/>
  <thumbnail camera_id="68" path="c68.jpg"/>
  <thumbnail camera_id="69" path="c69.jpg"/>
  <thumbnail camera_id="70" path="c70.jpg"/>
  <thumbnail camera_id="71" path="c71.jpg"/>
  <thumbnail camera_id="72" path="c72.jpg"/>
  <thumbnail camera_id="73" path="c73.jpg"/>
  <thumbnail camera_id="74" path="c74.jpg"/>
  <thumbnail camera_id="75" path="c75.jpg"/>
  <thumbnail camera_id="76" path="c76.jpg"/>
  <thumbnail camera_id="77" path="c77.jpg"/>
  <thumbnail camera_id="78" path="c78.jpg"/>
  <thumbnail camera_id="79" path="c79.jpg"/>
  <thumbnail camera_id="80" path="c80.jpg"/>
  <thumbnail camera_id="81" path="c81.jpg"/>
  <thumbnail camera_id="82" path="c82.jpg"/>
  <thumbnail camera_id="83" path="c83.jpg"/>
  <thumbnail camera_id="84" path="c84.jpg"/>
  <thumbnail camera_id="85" path="c85.jpg"/>
  <thumbnail camera_id="86" path="c86.jpg"/>
  <thumbnail camera_id="87" path="c87.jpg"/>
  <thumbnail camera_id="88" path="c88.jpg"/>
  <thumbnail camera_id="89" path="c89.jpg"/>
  <thumbnail camera_id="90" path="c90.jpg"/>
  <thumbnail camera_id="91" path="c91.jpg"/>
  <thumbnail camera_id="92" path="c92.jpg"/>
  <thumbnail camera_id="93" path="c93.jpg"/>
  <thumbnail camera_id="94" path="c94.jpg"/>
  <thumbnail camera_id="95" path="c95.jpg"/>
  <thumbnail camera_id="96" path="c96.jpg"/>
  <thumbnail camera_id="97" path="c97.jpg"/>
  <thumbnail camera_id="98" path="c98.jpg"/>
  <thumbnail camera_id="99" path="c99.jpg"/>
  <thumbnail camera_id="100" path="c100.jpg"/>
  <thumbnail camera_id="101" path="c101.jpg"/>
  <thumbnail camera_id="102" path="c102.jpg"/>
  <thumbnail camera_id="103" path="c103.jpg"/>
  <thumbnail camera_id="104" path="c104.jpg"/>
  <thumbnail camera_id="105" path="c105.jpg"/>
  <thumbnail camera_id="106" path="c106.jpg"/>
  <thumbnail camera_id="107" path="c107.jpg"/>
  <thumbnail camera_id="108" path="c108.jpg"/>
  <thumbnail camera_id="109" path="c109.jpg"/>
  <thumbnail camera_id="110" path="c110.jpg"/>
  <thumbnail camera_id="111" path="c111.jpg"/>
  <thumbnail camera_id="112" path="c112.jpg"/>
  <thumbnail camera_id="113" path="c113.jpg"/>
  <thumbnail camera_id="114" path="c114.jpg"/>
  <thumbnail camera_id="115" path="c115.jpg"/>
  <thumbnail camera_id="116" path="c116.jpg"/>
  <thumbnail camera_id="117" path="c117.jpg"/>
  <thumbnail camera_id="118" path="c118.jpg"/>
  <thumbnail camera_id="119" path="c119.jpg"/>
  <thumbnail camera_id="120" path="c120.jpg"/>
  <thumbnail camera_id="121" path="c121.jpg"/>
  <thumbnail camera_id="122" path="c122.jpg"/>
  <thumbnail camera_id="123" path="c123.jpg"/>
  <thumbnail camera_id="124" path="c124.jpg"/>
  <thumbnail camera_id="125" path="c125.jpg"/>
  <thumbnail camera_id="126" path="c126.jpg"/>
  <thumbnail camera_id="127" path="c127.jpg"/>
  <thumbnail camera_id="128" path="c128.jpg"/>
  <thumbnail camera_id="129" path="c129.jpg"/>
  <thumbnail camera_id="130" path="c130.jpg"/>
  <thumbnail camera_id="131" path="c131.jpg"/>
  <thumbnail camera_id="132" path="c132.jpg"/>
  <thumbnail camera_id="133" path="c133.jpg"/>
  <thumbnail camera_id="134" path="c134.jpg"/>
  <thumbnail camera_id="135" path="c135.jpg"/>
  <thumbnail camera_id="136" path="c136.jpg"/>
  <thumbnail camera_id="137" path="c137.jpg"/>
  <thumbnail camera_id="138" path="c138.jpg"/>
  <thumbnail camera_id="139" path="c139.jpg"/>
  <thumbnail camera_id="140" path="c140.jpg"/>
  <thumbnail camera_id="141" path="c141.jpg"/>
  <thumbnail camera_id="142" path="c142.jpg"/>
  <thumbnail camera_id="143" path="c143.jpg"/>
  <thumbnail camera_id="144" path="c144.jpg"/>
  <thumbnail camera_id="145" path="c145.jpg"/>
  <thumbnail camera_id="146" path="c146.jpg"/>
  <thumbnail camera_id="147" path="c147.jpg"/>
  <thumbnail camera_id="148" path="c148.jpg"/>
  <thumbnail camera_id="149" path="c149.jpg"/>
  <thumbnail camera_id="150" path="c150.jpg"/>
  <thumbnail camera_id="151" path="c151.jpg"/>
  <thumbnail camera_id="152" path="c152.jpg"/>
  <thumbnail camera_id="153" path="c153.jpg"/>
  <thumbnail camera_id="154" path="c154.jpg"/>
  <thumbnail camera_id="155" path="c155.jpg"/>
  <thumbnail camera_id="156" path="c156.jpg"/>
  <thumbnail camera_id="157" path="c157.jpg"/>
  <thumbnail camera_id="158" path="c158.jpg"/>
  <thumbnail camera_id="159" path="c159.jpg"/>
  <thumbnail camera_id="160" path="c160.jpg"/>
  <thumbnail camera_id="161" path="c161.jpg"/>
  <thumbnail camera_id="162" path="c162.jpg"/>
  <thumbnail camera_id="163" path="c163.jpg"/>
  <thumbnail camera_id="164" path="c164.jpg"/>
  <thumbnail camera_id="165" path="c165.jpg"/>
  <thumbnail camera_id="166" path="c166.jpg"/>
  <thumbnail camera_id="167" path="c167.jpg"/>
  <thumbnail camera_id="168" path="c168.jpg"/>
  <thumbnail camera_id="169" path="c169.jpg"/>
  <thumbnail camera_id="170" path="c170.jpg"/>
  <thumbnail camera_id="171" path="c171.jpg"/>
  <thumbnail camera_id="172" path="c172.jpg"/>
  <thumbnail camera_id="173" path="c173.jpg"/>
  <thumbnail camera_id="174" path="c174.jpg"/>
  <thumbnail camera_id="175" path="c175.jpg"/>
  <thumbnail camera_id="176" path="c176.jpg"/>
  <thumbnail camera_id="177" path="c177.jpg"/>
  <thumbnail camera_id="178" path="c178.jpg"/>
  <thumbnail camera_id="179" path="c179.jpg"/>
  <thumbnail camera_id="180" path="c180.jpg"/>
  <thumbnail camera_id="181" path="c181.jpg"/>
  <thumbnail camera_id="182" path="c182.jpg"/>
  <thumbnail camera_id="183" path="c183.jpg"/>
  <thumbnail camera_id="184" path="c184.jpg"/>
  <thumbnail camera_id="185" path="c185.jpg"/>
  <thumbnail camera_id="186" path="c186.jpg"/>
  <thumbnail camera_id="187" path="c187.jpg"/>
  <thumbnail camera_id="188" path="c188.jpg"/>
  <thumbnail camera_id="189" path="c189.jpg"/>
  <thumbnail camera_id="190" path="c190.jpg"/>
  <thumbnail camera_id="191" path="c191.jpg"/>
  <thumbnail camera_id="192" path="c192.jpg"/>
  <thumbnail camera_id="193" path="c193.jpg"/>
  <thumbnail camera_id="194" path="c194.jpg"/>
  <thumbnail camera_id="195" path="c195.jpg"/>
  <thumbnail camera_id="196" path="c196.jpg"/>
  <thumbnail camera_id="197" path="c197.jpg"/>
  <thumbnail camera_id="198" path="c198.jpg"/>
  <thumbnail camera_id="199" path="c199.jpg"/>
  <thumbnail camera_id="200" path="c200.jpg"/>
  <thumbnail camera_id="201" path="c201.jpg"/>
  <thumbnail camera_id="202" path="c202.jpg"/>
  <thumbnail camera_id="203" path="c203.jpg"/>
  <thumbnail camera_id="204" path="c204.jpg"/>
  <thumbnail camera_id="205" path="c205.jpg"/>
  <thumbnail camera_id="206" path="c206.jpg"/>
  <thumbnail camera_id="207" path="c207.jpg"/>
  <thumbnail camera_id="208" path="c208.jpg"/>
  <thumbnail camera_id="209" path="c209.jpg"/>
  <thumbnail camera_id="210" path="c210.jpg"/>
  <thumbnail camera_id="211" path="c211.jpg"/>
  <thumbnail camera_id="212" path="c212.jpg"/>
  <thumbnail camera_id="213" path="c213.jpg"/>
  <thumbnail camera_id="214" path="c214.jpg"/>
  <thumbnail camera_id="215" path="c215.jpg"/>
  <thumbnail camera_id="216" path="c216.jpg"/>
  <thumbnail camera_id="217" path="c217.jpg"/>
  <thumbnail camera_id="218" path="c218.jpg"/>
  <thumbnail camera_id="219" path="c219.jpg"/>
  <thumbnail camera_id="220" path="c220.jpg"/>
  <thumbnail camera_id="221" path="c221.jpg"/>
  <thumbnail camera_id="222" path="c222.jpg"/>
  <thumbnail camera_id="223" path="c223.jpg"/>
  <thumbnail camera_id="224" path="c224.jpg"/>
  <thumbnail camera_id="225" path="c225.jpg"/>
  <thumbnail camera_id="226" path="c226.jpg"/>
  <thumbnail camera_id="227" path="c227.jpg"/>
  <thumbnail camera_id="228" path="c228.jpg"/>
  <thumbnail camera_id="229" path="c229.jpg"/>
  <thumbnail camera_id="230" path="c230.jpg"/>
  <thumbnail camera_id="231" path="c231.jpg"/>
  <thumbnail camera_id="232" path="c232.jpg"/>
  <thumbnail camera_id="233" path="c233.jpg"/>
  <thumbnail camera_id="234" path="c234.jpg"/>
  <thumbnail camera_id="235" path="c235.jpg"/>
  <thumbnail camera_id="236" path="c236.jpg"/>
  <thumbnail camera_id="237" path="c237.jpg"/>
  <thumbnail camera_id="238" path="c238.jpg"/>
  <thumbnail camera_id="239" path="c239.jpg"/>
  <thumbnail camera_id="240" path="c240.jpg"/>
  <thumbnail camera_id="241" path="c241.jpg"/>
  <thumbnail camera_id="242" path="c242.jpg"/>
  <thumbnail camera_id="243" path="c243.jpg"/>
  <thumbnail camera_id="244" path="c244.jpg"/>
  <thumbnail camera_id="245" path="c245.jpg"/>
  <thumbnail camera_id="246" path="c246.jpg"/>
  <thumbnail camera_id="247" path="c247.jpg"/>
  <thumbnail camera_id="248" path="c248.jpg"/>
  <thumbnail camera_id="249" path="c249.jpg"/>
  <thumbnail camera_id="250" path="c250.jpg"/>
  <thumbnail camera_id="251" path="c251.jpg"/>
  <thumbnail camera_id="252" path="c252.jpg"/>
  <thumbnail camera_id="253" path="c253.jpg"/>
  <thumbnail camera_id="254" path="c254.jpg"/>
  <thumbnail camera_id="255" path="c255.jpg"/>
  <thumbnail camera_id="256" path="c256.jpg"/>
  <thumbnail camera_id="257" path="c257.jpg"/>
  <thumbnail camera_id="258" path="c258.jpg"/>
  <thumbnail camera_id="259" path="c259.jpg"/>
  <thumbnail camera_id="260" path="c260.jpg"/>
  <thumbnail camera_id="261" path="c261.jpg"/>
  <thumbnail camera_id="262" path="c262.jpg"/>
  <thumbnail camera_id="263" path="c263.jpg"/>
  <thumbnail camera_id="264" path="c264.jpg"/>
  <thumbnail camera_id="265" path="c265.jpg"/>
  <thumbnail camera_id="266" path="c266.jpg"/>
  <thumbnail camera_id="267" path="c267.jpg"/>
  <thumbnail camera_id="268" path="c268.jpg"/>
  <thumbnail camera_id="269" path="c269.jpg"/>
  <thumbnail camera_id="270" path="c270.jpg"/>
  <thumbnail camera_id="271" path="c271.jpg"/>
  <thumbnail camera_id="272" path="c272.jpg"/>
  <thumbnail camera_id="273" path="c273.jpg"/>
  <thumbnail camera_id="274" path="c274.jpg"/>
  <thumbnail camera_id="275" path="c275.jpg"/>
  <thumbnail camera_id="276" path="c276.jpg"/>
  <thumbnail camera_id="277" path="c277.jpg"/>
  <thumbnail camera_id="278" path="c278.jpg"/>
  <thumbnail camera_id="279" path="c279.jpg"/>
  <thumbnail camera_id="280" path="c280.jpg"/>
  <thumbnail camera_id="281" path="c281.jpg"/>
  <thumbnail camera_id="282" path="c282.jpg"/>
  <thumbnail camera_id="283" path="c283.jpg"/>
  <thumbnail camera_id="284" path="c284.jpg"/>
  <thumbnail camera_id="285" path="c285.jpg"/>
  <thumbnail camera_id="286" path="c286.jpg"/>
  <thumbnail camera_id="287" path="c287.jpg"/>
  <thumbnail camera_id="288" path="c288.jpg"/>
  <thumbnail camera_id="289" path="c289.jpg"/>
  <thumbnail camera_id="290" path="c290.jpg"/>
  <thumbnail camera_id="291" path="c291.jpg"/>
  <thumbnail camera_id="292" path="c292.jpg"/>
  <thumbnail camera_id="293" path="c293.jpg"/>
  <thumbnail camera_id="294" path="c294.jpg"/>
  <thumbnail camera_id="295" path="c295.jpg"/>
  <thumbnail camera_id="296" path="c296.jpg"/>
  <thumbnail camera_id="297" path="c297.jpg"/>
  <thumbnail camera_id="298" path="c298.jpg"/>
  <thumbnail camera_id="299" path="c299.jpg"/>
  <thumbnail camera_id="300" path="c300.jpg"/>
  <thumbnail camera_id="301" path="c301.jpg"/>
  <thumbnail camera_id="302" path="c302.jpg"/>
  <thumbnail camera_id="303" path="c303.jpg"/>
  <thumbnail camera_id="304" path="c304.jpg"/>
  <thumbnail camera_id="305" path="c305.jpg"/>
  <thumbnail camera_id="306" path="c306.jpg"/>
  <thumbnail camera_id="307" path="c307.jpg"/>
  <thumbnail camera_id="308" path="c308.jpg"/>
  <thumbnail camera_id="309" path="c309.jpg"/>
  <thumbnail camera_id="310" path="c310.jpg"/>
  <thumbnail camera_id="311" path="c311.jpg"/>
  <thumbnail camera_id="312" path="c312.jpg"/>
  <thumbnail camera_id="313" path="c313.jpg"/>
  <thumbnail camera_id="314" path="c314.jpg"/>
  <thumbnail camera_id="315" path="c315.jpg"/>
  <thumbnail camera_id="316" path="c316.jpg"/>
  <thumbnail camera_id="317" path="c317.jpg"/>
  <thumbnail camera_id="318" path="c318.jpg"/>
  <thumbnail camera_id="319" path="c319.jpg"/>
  <thumbnail camera_id="320" path="c320.jpg"/>
  <thumbnail camera_id="321" path="c321.jpg"/>
  <thumbnail camera_id="322" path="c322.jpg"/>
  <thumbnail camera_id="323" path="c323.jpg"/>
  <thumbnail camera_id="324" path="c324.jpg"/>
  <thumbnail camera_id="325" path="c325.jpg"/>
  <thumbnail camera_id="326" path="c326.jpg"/>
  <thumbnail camera_id="327" path="c327.jpg"/>
  <thumbnail camera_id="328" path="c328.jpg"/>
  <thumbnail camera_id="329" path="c329.jpg"/>
  <thumbnail camera_id="330" path="c330.jpg"/>
  <thumbnail camera_id="331" path="c331.jpg"/>
  <thumbnail camera_id="332" path="c332.jpg"/>
  <thumbnail camera_id="333" path="c333.jpg"/>
  <thumbnail camera_id="334" path="c334.jpg"/>
  <thumbnail camera_id="335" path="c335.jpg"/>
  <thumbnail camera_id="336" path="c336.jpg"/>
  <thumbnail camera_id="337" path="c337.jpg"/>
  <thumbnail camera_id="338" path="c338.jpg"/>
  <thumbnail camera_id="339" path="c339.jpg"/>
  <thumbnail camera_id="340" path="c340.jpg"/>
  <thumbnail camera_id="341" path="c341.jpg"/>
  <thumbnail camera_id="342" path="c342.jpg"/>
  <thumbnail camera_id="343" path="c343.jpg"/>
  <thumbnail camera_id="344" path="c344.jpg"/>
  <thumbnail camera_id="345" path="c345.jpg"/>
  <thumbnail camera_id="346" path="c346.jpg"/>
  <thumbnail camera_id="347" path="c347.jpg"/>
  <thumbnail camera_id="348" path="c348.jpg"/>
  <thumbnail camera_id="349" path="c349.jpg"/>
  <thumbnail camera_id="350" path="c350.jpg"/>
  <thumbnail camera_id="351" path="c351.jpg"/>
  <thumbnail camera_id="352" path="c352.jpg"/>
  <thumbnail camera_id="353" path="c353.jpg"/>
  <thumbnail camera_id="354" path="c354.jpg"/>
  <thumbnail camera_id="355" path="c355.jpg"/>
  <thumbnail camera_id="356" path="c356.jpg"/>
  <thumbnail camera_id="357" path="c357.jpg"/>
  <thumbnail camera_id="358" path="c358.jpg"/>
  <thumbnail camera_id="359" path="c359.jpg"/>
  <thumbnail camera_id="360" path="c360.jpg"/>
  <thumbnail camera_id="361" path="c361.jpg"/>
  <thumbnail camera_id="362" path="c362.jpg"/>
  <thumbnail camera_id="363" path="c363.jpg"/>
  <thumbnail camera_id="364" path="c364.jpg"/>
  <thumbnail camera_id="365" path="c365.jpg"/>
  <thumbnail camera_id="366" path="c366.jpg"/>
  <thumbnail camera_id="367" path="c367.jpg"/>
  <thumbnail camera_id="368" path="c368.jpg"/>
  <thumbnail camera_id="369" path="c369.jpg"/>
  <thumbnail camera_id="370" path="c370.jpg"/>
  <thumbnail camera_id="371" path="c371.jpg"/>
  <thumbnail camera_id="372" path="c372.jpg"/>
  <thumbnail camera_id="373" path="c373.jpg"/>
  <thumbnail camera_id="374" path="c374.jpg"/>
  <thumbnail camera_id="375" path="c375.jpg"/>
  <thumbnail camera_id="376" path="c376.jpg"/>
  <thumbnail camera_id="377" path="c377.jpg"/>
  <thumbnail camera_id="378" path="c378.jpg"/>
  <thumbnail camera_id="379" path="c379.jpg"/>
  <thumbnail camera_id="380" path="c380.jpg"/>
  <thumbnail camera_id="381" path="c381.jpg"/>
  <thumbnail camera_id="382" path="c382.jpg"/>
  <thumbnail camera_id="383" path="c383.jpg"/>
  <thumbnail camera_id="384" path="c384.jpg"/>
  <thumbnail camera_id="385" path="c385.jpg"/>
  <thumbnail camera_id="386" path="c386.jpg"/>
  <thumbnail camera_id="387" path="c387.jpg"/>
  <thumbnail camera_id="388" path="c388.jpg"/>
  <thumbnail camera_id="389" path="c389.jpg"/>
  <thumbnail camera_id="390" path="c390.jpg"/>
  <thumbnail camera_id="391" path="c391.jpg"/>
  <thumbnail camera_id="392" path="c392.jpg"/>
  <thumbnail camera_id="393" path="c393.jpg"/>
  <thumbnail camera_id="394" path="c394.jpg"/>
  <thumbnail camera_id="395" path="c395.jpg"/>
  <thumbnail camera_id="396" path="c396.jpg"/>
  <thumbnail camera_id="397" path="c397.jpg"/>
  <thumbnail camera_id="398" path="c398.jpg"/>
  <thumbnail camera_id="399" path="c399.jpg"/>
  <thumbnail camera_id="400" path="c400.jpg"/>
  <thumbnail camera_id="401" path="c401.jpg"/>
  <thumbnail camera_id="402" path="c402.jpg"/>
  <thumbnail camera_id="403" path="c403.jpg"/>
  <thumbnail camera_id="404" path="c404.jpg"/>
  <thumbnail camera_id="405" path="c405.jpg"/>
  <thumbnail camera_id="406" path="c406.jpg"/>
  <thumbnail camera_id="407" path="c407.jpg"/>
  <thumbnail camera_id="408" path="c408.jpg"/>
  <thumbnail camera_id="409" path="c409.jpg"/>
  <thumbnail camera_id="410" path="c410.jpg"/>
  <thumbnail camera_id="411" path="c411.jpg"/>
  <thumbnail camera_id="412" path="c412.jpg"/>
  <thumbnail camera_id="413" path="c413.jpg"/>
  <thumbnail camera_id="414" path="c414.jpg"/>
  <thumbnail camera_id="415" path="c415.jpg"/>
  <thumbnail camera_id="416" path="c416.jpg"/>
  <thumbnail camera_id="417" path="c417.jpg"/>
  <thumbnail camera_id="418" path="c418.jpg"/>
  <thumbnail camera_id="419" path="c419.jpg"/>
  <thumbnail camera_id="420" path="c420.jpg"/>
  <thumbnail camera_id="421" path="c421.jpg"/>
  <thumbnail camera_id="422" path="c422.jpg"/>
  <thumbnail camera_id="423" path="c423.jpg"/>
  <thumbnail camera_id="424" path="c424.jpg"/>
  <thumbnail camera_id="425" path="c425.jpg"/>
  <thumbnail camera_id="426" path="c426.jpg"/>
  <thumbnail camera_id="427" path="c427.jpg"/>
  <thumbnail camera_id="428" path="c428.jpg"/>
  <thumbnail camera_id="429" path="c429.jpg"/>
  <thumbnail camera_id="430" path="c430.jpg"/>
  <thumbnail camera_id="431" path="c431.jpg"/>
  <thumbnail camera_id="432" path="c432.jpg"/>
  <thumbnail camera_id="433" path="c433.jpg"/>
  <thumbnail camera_id="434" path="c434.jpg"/>
  <thumbnail camera_id="435" path="c435.jpg"/>
  <thumbnail camera_id="436" path="c436.jpg"/>
  <thumbnail camera_id="437" path="c437.jpg"/>
  <thumbnail camera_id="438" path="c438.jpg"/>
  <thumbnail camera_id="439" path="c439.jpg"/>
  <thumbnail camera_id="440" path="c440.jpg"/>
  <thumbnail camera_id="441" path="c441.jpg"/>
  <thumbnail camera_id="442" path="c442.jpg"/>
  <thumbnail camera_id="443" path="c443.jpg"/>
  <thumbnail camera_id="444" path="c444.jpg"/>
  <thumbnail camera_id="445" path="c445.jpg"/>
  <thumbnail camera_id="446" path="c446.jpg"/>
  <thumbnail camera_id="447" path="c447.jpg"/>
  <thumbnail camera_id="448" path="c448.jpg"/>
  <thumbnail camera_id="449" path="c449.jpg"/>
  <thumbnail camera_id="450" path="c450.jpg"/>
  <thumbnail camera_id="451" path="c451.jpg"/>
  <thumbnail camera_id="452" path="c452.jpg"/>
  <thumbnail camera_id="453" path="c453.jpg"/>
  <thumbnail camera_id="454" path="c454.jpg"/>
  <thumbnail camera_id="455" path="c455.jpg"/>
  <thumbnail camera_id="456" path="c456.jpg"/>
  <thumbnail camera_id="457" path="c457.jpg"/>
  <thumbnail camera_id="458" path="c458.jpg"/>
  <thumbnail camera_id="459" path="c459.jpg"/>
  <thumbnail camera_id="460" path="c460.jpg"/>
  <thumbnail camera_id="461" path="c461.jpg"/>
  <thumbnail camera_id="462" path="c462.jpg"/>
  <thumbnail camera_id="463" path="c463.jpg"/>
  <thumbnail camera_id="464" path="c464.jpg"/>
  <thumbnail camera_id="465" path="c465.jpg"/>
  <thumbnail camera_id="466" path="c466.jpg"/>
  <thumbnail camera_id="467" path="c467.jpg"/>
  <thumbnail camera_id="468" path="c468.jpg"/>
  <thumbnail camera_id="469" path="c469.jpg"/>
  <thumbnail camera_id="470" path="c470.jpg"/>
  <thumbnail camera_id="471" path="c471.jpg"/>
  <thumbnail camera_id="472" path="c472.jpg"/>
  <thumbnail camera_id="473" path="c473.jpg"/>
  <thumbnail camera_id="474" path="c474.jpg"/>
  <thumbnail camera_id="475" path="c475.jpg"/>
  <thumbnail camera_id="476" path="c476.jpg"/>
  <thumbnail camera_id="477" path="c477.jpg"/>
  <thumbnail camera_id="478" path="c478.jpg"/>
  <thumbnail camera_id="479" path="c479.jpg"/>
  <thumbnail camera_id="480" path="c480.jpg"/>
  <thumbnail camera_id="481" path="c481.jpg"/>
  <thumbnail camera_id="482" path="c482.jpg"/>
  <thumbnail camera_id="483" path="c483.jpg"/>
  <thumbnail camera_id="484" path="c484.jpg"/>
  <thumbnail camera_id="485" path="c485.jpg"/>
  <thumbnail camera_id="486" path="c486.jpg"/>
  <thumbnail camera_id="487" path="c487.jpg"/>
  <thumbnail camera_id="488" path="c488.jpg"/>
  <thumbnail camera_id="489" path="c489.jpg"/>
  <thumbnail camera_id="490" path="c490.jpg"/>
  <thumbnail camera_id="491" path="c491.jpg"/>
  <thumbnail camera_id="492" path="c492.jpg"/>
  <thumbnail camera_id="493" path="c493.jpg"/>
  <thumbnail camera_id="494" path="c494.jpg"/>
  <thumbnail camera_id="495" path="c495.jpg"/>
  <thumbnail camera_id="496" path="c496.jpg"/>
  <thumbnail camera_id="497" path="c497.jpg"/>
  <thumbnail camera_id="498" path="c498.jpg"/>
  <thumbnail camera_id="499" path="c499.jpg"/>
  <thumbnail camera_id="500" path="c500.jpg"/>
  <thumbnail camera_id="501" path="c501.jpg"/>
  <thumbnail camera_id="502" path="c502.jpg"/>
  <thumbnail camera_id="503" path="c503.jpg"/>
  <thumbnail camera_id="504" path="c504.jpg"/>
  <thumbnail camera_id="505" path="c505.jpg"/>
  <thumbnail camera_id="506" path="c506.jpg"/>
  <thumbnail camera_id="507" path="c507.jpg"/>
  <thumbnail camera_id="508" path="c508.jpg"/>
  <thumbnail camera_id="509" path="c509.jpg"/>
  <thumbnail camera_id="510" path="c510.jpg"/>
  <thumbnail camera_id="511" path="c511.jpg"/>
  <thumbnail camera_id="512" path="c512.jpg"/>
  <thumbnail camera_id="513" path="c513.jpg"/>
  <thumbnail camera_id="514" path="c514.jpg"/>
  <thumbnail camera_id="515" path="c515.jpg"/>
  <thumbnail camera_id="516" path="c516.jpg"/>
  <thumbnail camera_id="517" path="c517.jpg"/>
  <thumbnail camera_id="518" path="c518.jpg"/>
  <thumbnail camera_id="519" path="c519.jpg"/>
  <thumbnail camera_id="520" path="c520.jpg"/>
  <thumbnail camera_id="521" path="c521.jpg"/>
  <thumbnail camera_id="522" path="c522.jpg"/>
  <thumbnail camera_id="523" path="c523.jpg"/>
  <thumbnail camera_id="524" path="c524.jpg"/>
  <thumbnail camera_id="525" path="c525.jpg"/>
  <thumbnail camera_id="526" path="c526.jpg"/>
  <thumbnail camera_id="527" path="c527.jpg"/>
  <thumbnail camera_id="528" path="c528.jpg"/>
  <thumbnail camera_id="529" path="c529.jpg"/>
  <thumbnail camera_id="530" path="c530.jpg"/>
  <thumbnail camera_id="531" path="c531.jpg"/>
  <thumbnail camera_id="532" path="c532.jpg"/>
  <thumbnail camera_id="533" path="c533.jpg"/>
  <thumbnail camera_id="534" path="c534.jpg"/>
  <thumbnail camera_id="535" path="c535.jpg"/>
  <thumbnail camera_id="536" path="c536.jpg"/>
  <thumbnail camera_id="537" path="c537.jpg"/>
  <thumbnail camera_id="538" path="c538.jpg"/>
  <thumbnail camera_id="539" path="c539.jpg"/>
  <thumbnail camera_id="540" path="c540.jpg"/>
  <thumbnail camera_id="541" path="c541.jpg"/>
  <thumbnail camera_id="542" path="c542.jpg"/>
  <thumbnail camera_id="543" path="c543.jpg"/>
  <thumbnail camera_id="544" path="c544.jpg"/>
  <thumbnail camera_id="545" path="c545.jpg"/>
  <thumbnail camera_id="546" path="c546.jpg"/>
  <thumbnail camera_id="547" path="c547.jpg"/>
  <thumbnail camera_id="548" path="c548.jpg"/>
  <thumbnail camera_id="549" path="c549.jpg"/>
  <thumbnail camera_id="550" path="c550.jpg"/>
  <thumbnail camera_id="551" path="c551.jpg"/>
  <thumbnail camera_id="552" path="c552.jpg"/>
  <thumbnail camera_id="553" path="c553.jpg"/>
  <thumbnail camera_id="554" path="c554.jpg"/>
  <thumbnail camera_id="555" path="c555.jpg"/>
  <thumbnail camera_id="556" path="c556.jpg"/>
  <thumbnail camera_id="557" path="c557.jpg"/>
  <thumbnail camera_id="558" path="c558.jpg"/>
  <thumbnail camera_id="559" path="c559.jpg"/>
  <thumbnail camera_id="560" path="c560.jpg"/>
  <thumbnail camera_id="561" path="c561.jpg"/>
  <thumbnail camera_id="562" path="c562.jpg"/>
  <thumbnail camera_id="563" path="c563.jpg"/>
  <thumbnail camera_id="564" path="c564.jpg"/>
  <thumbnail camera_id="565" path="c565.jpg"/>
  <thumbnail camera_id="566" path="c566.jpg"/>
  <thumbnail camera_id="567" path="c567.jpg"/>
  <thumbnail camera_id="568" path="c568.jpg"/>
  <thumbnail camera_id="569" path="c569.jpg"/>
  <thumbnail camera_id="570" path="c570.jpg"/>
  <thumbnail camera_id="571" path="c571.jpg"/>
  <thumbnail camera_id="572" path="c572.jpg"/>
  <thumbnail camera_id="573" path="c573.jpg"/>
  <thumbnail camera_id="574" path="c574.jpg"/>
  <thumbnail camera_id="575" path="c575.jpg"/>
  <thumbnail camera_id="576" path="c576.jpg"/>
  <thumbnail camera_id="577" path="c577.jpg"/>
  <thumbnail camera_id="578" path="c578.jpg"/>
  <thumbnail camera_id="579" path="c579.jpg"/>
  <thumbnail camera_id="580" path="c580.jpg"/>
  <thumbnail camera_id="581" path="c581.jpg"/>
  <thumbnail camera_id="582" path="c582.jpg"/>
  <thumbnail camera_id="583" path="c583.jpg"/>
  <thumbnail camera_id="584" path="c584.jpg"/>
  <thumbnail camera_id="585" path="c585.jpg"/>
  <thumbnail camera_id="586" path="c586.jpg"/>
  <thumbnail camera_id="587" path="c587.jpg"/>
  <thumbnail camera_id="588" path="c588.jpg"/>
  <thumbnail camera_id="589" path="c589.jpg"/>
  <thumbnail camera_id="590" path="c590.jpg"/>
  <thumbnail camera_id="591" path="c591.jpg"/>
  <thumbnail camera_id="592" path="c592.jpg"/>
</thumbnails>
