<?xml version="1.0" encoding="UTF-8"?>
<point_cloud version="1.2.0">
  <params>
    <dataType>uint8</dataType>
    <bands>
      <band label="Red"/>
      <band label="Green"/>
      <band label="Blue"/>
    </bands>
  </params>
  <tracks path="tracks.ply" count="371913"/>
  <points component_id="0" path="points0.ply" count="223204"/>
  <projections camera_id="0" path="p0.ply" count="2163"/>
  <projections camera_id="1" path="p1.ply" count="2143"/>
  <projections camera_id="2" path="p2.ply" count="2048"/>
  <projections camera_id="3" path="p3.ply" count="1768"/>
  <projections camera_id="4" path="p4.ply" count="1632"/>
  <projections camera_id="5" path="p5.ply" count="1663"/>
  <projections camera_id="6" path="p6.ply" count="1816"/>
  <projections camera_id="7" path="p7.ply" count="2315"/>
  <projections camera_id="8" path="p8.ply" count="2570"/>
  <projections camera_id="9" path="p9.ply" count="2821"/>
  <projections camera_id="10" path="p10.ply" count="3149"/>
  <projections camera_id="11" path="p11.ply" count="2746"/>
  <projections camera_id="12" path="p12.ply" count="2732"/>
  <projections camera_id="13" path="p13.ply" count="2799"/>
  <projections camera_id="14" path="p14.ply" count="2797"/>
  <projections camera_id="15" path="p15.ply" count="2336"/>
  <projections camera_id="16" path="p16.ply" count="2472"/>
  <projections camera_id="17" path="p17.ply" count="2757"/>
  <projections camera_id="18" path="p18.ply" count="2672"/>
  <projections camera_id="19" path="p19.ply" count="2792"/>
  <projections camera_id="20" path="p20.ply" count="2677"/>
  <projections camera_id="21" path="p21.ply" count="2891"/>
  <projections camera_id="22" path="p22.ply" count="2480"/>
  <projections camera_id="23" path="p23.ply" count="2431"/>
  <projections camera_id="24" path="p24.ply" count="2304"/>
  <projections camera_id="25" path="p25.ply" count="2398"/>
  <projections camera_id="26" path="p26.ply" count="2125"/>
  <projections camera_id="27" path="p27.ply" count="2284"/>
  <projections camera_id="28" path="p28.ply" count="2067"/>
  <projections camera_id="29" path="p29.ply" count="2217"/>
  <projections camera_id="30" path="p30.ply" count="2274"/>
  <projections camera_id="31" path="p31.ply" count="2132"/>
  <projections camera_id="32" path="p32.ply" count="2305"/>
  <projections camera_id="33" path="p33.ply" count="2239"/>
  <projections camera_id="34" path="p34.ply" count="2250"/>
  <projections camera_id="35" path="p35.ply" count="2025"/>
  <projections camera_id="36" path="p36.ply" count="2259"/>
  <projections camera_id="37" path="p37.ply" count="2282"/>
  <projections camera_id="38" path="p38.ply" count="2381"/>
  <projections camera_id="39" path="p39.ply" count="2410"/>
  <projections camera_id="40" path="p40.ply" count="2674"/>
  <projections camera_id="41" path="p41.ply" count="2772"/>
  <projections camera_id="42" path="p42.ply" count="2962"/>
  <projections camera_id="43" path="p43.ply" count="3381"/>
  <projections camera_id="44" path="p44.ply" count="3509"/>
  <projections camera_id="45" path="p45.ply" count="3348"/>
  <projections camera_id="46" path="p46.ply" count="3543"/>
  <projections camera_id="47" path="p47.ply" count="3608"/>
  <projections camera_id="48" path="p48.ply" count="3886"/>
  <projections camera_id="49" path="p49.ply" count="3675"/>
  <projections camera_id="50" path="p50.ply" count="3873"/>
  <projections camera_id="51" path="p51.ply" count="3672"/>
  <projections camera_id="52" path="p52.ply" count="3490"/>
  <projections camera_id="53" path="p53.ply" count="3169"/>
  <projections camera_id="54" path="p54.ply" count="3016"/>
  <projections camera_id="55" path="p55.ply" count="2556"/>
  <projections camera_id="56" path="p56.ply" count="2330"/>
  <projections camera_id="57" path="p57.ply" count="2294"/>
  <projections camera_id="58" path="p58.ply" count="2122"/>
  <projections camera_id="59" path="p59.ply" count="2288"/>
  <projections camera_id="60" path="p60.ply" count="2315"/>
  <projections camera_id="61" path="p61.ply" count="2370"/>
  <projections camera_id="62" path="p62.ply" count="2407"/>
  <projections camera_id="63" path="p63.ply" count="2771"/>
  <projections camera_id="64" path="p64.ply" count="2906"/>
  <projections camera_id="65" path="p65.ply" count="2776"/>
  <projections camera_id="66" path="p66.ply" count="2668"/>
  <projections camera_id="67" path="p67.ply" count="2876"/>
  <projections camera_id="68" path="p68.ply" count="2168"/>
  <projections camera_id="69" path="p69.ply" count="1677"/>
  <projections camera_id="70" path="p70.ply" count="2142"/>
  <projections camera_id="71" path="p71.ply" count="2197"/>
  <projections camera_id="72" path="p72.ply" count="1895"/>
  <projections camera_id="73" path="p73.ply" count="1920"/>
  <projections camera_id="74" path="p74.ply" count="1557"/>
  <projections camera_id="75" path="p75.ply" count="2068"/>
  <projections camera_id="76" path="p76.ply" count="1845"/>
  <projections camera_id="77" path="p77.ply" count="1602"/>
  <projections camera_id="78" path="p78.ply" count="897"/>
  <projections camera_id="79" path="p79.ply" count="894"/>
  <projections camera_id="80" path="p80.ply" count="700"/>
  <projections camera_id="81" path="p81.ply" count="1307"/>
  <projections camera_id="82" path="p82.ply" count="826"/>
  <projections camera_id="83" path="p83.ply" count="1382"/>
  <projections camera_id="84" path="p84.ply" count="777"/>
  <projections camera_id="85" path="p85.ply" count="983"/>
  <projections camera_id="86" path="p86.ply" count="1071"/>
  <projections camera_id="87" path="p87.ply" count="754"/>
  <projections camera_id="88" path="p88.ply" count="1204"/>
  <projections camera_id="89" path="p89.ply" count="1271"/>
  <projections camera_id="90" path="p90.ply" count="702"/>
  <projections camera_id="91" path="p91.ply" count="1037"/>
  <projections camera_id="92" path="p92.ply" count="798"/>
  <projections camera_id="93" path="p93.ply" count="1029"/>
  <projections camera_id="94" path="p94.ply" count="1326"/>
  <projections camera_id="95" path="p95.ply" count="1180"/>
  <projections camera_id="96" path="p96.ply" count="1473"/>
  <projections camera_id="97" path="p97.ply" count="1643"/>
  <projections camera_id="98" path="p98.ply" count="1619"/>
  <projections camera_id="99" path="p99.ply" count="1675"/>
  <projections camera_id="100" path="p100.ply" count="1805"/>
  <projections camera_id="101" path="p101.ply" count="1686"/>
  <projections camera_id="102" path="p102.ply" count="2076"/>
  <projections camera_id="103" path="p103.ply" count="2585"/>
  <projections camera_id="104" path="p104.ply" count="2333"/>
  <projections camera_id="105" path="p105.ply" count="2296"/>
  <projections camera_id="106" path="p106.ply" count="2291"/>
  <projections camera_id="107" path="p107.ply" count="2743"/>
  <projections camera_id="108" path="p108.ply" count="2150"/>
  <projections camera_id="109" path="p109.ply" count="2767"/>
  <projections camera_id="110" path="p110.ply" count="2588"/>
  <projections camera_id="111" path="p111.ply" count="2361"/>
  <projections camera_id="112" path="p112.ply" count="2919"/>
  <projections camera_id="113" path="p113.ply" count="2661"/>
  <projections camera_id="114" path="p114.ply" count="2861"/>
  <projections camera_id="115" path="p115.ply" count="2837"/>
  <projections camera_id="116" path="p116.ply" count="2508"/>
  <projections camera_id="117" path="p117.ply" count="2236"/>
  <projections camera_id="118" path="p118.ply" count="2733"/>
  <projections camera_id="119" path="p119.ply" count="2583"/>
  <projections camera_id="120" path="p120.ply" count="2544"/>
  <projections camera_id="121" path="p121.ply" count="2730"/>
  <projections camera_id="122" path="p122.ply" count="3016"/>
  <projections camera_id="123" path="p123.ply" count="3076"/>
  <projections camera_id="124" path="p124.ply" count="3449"/>
  <projections camera_id="125" path="p125.ply" count="3286"/>
  <projections camera_id="126" path="p126.ply" count="3310"/>
  <projections camera_id="127" path="p127.ply" count="3047"/>
  <projections camera_id="128" path="p128.ply" count="2954"/>
  <projections camera_id="129" path="p129.ply" count="3033"/>
  <projections camera_id="130" path="p130.ply" count="2810"/>
  <projections camera_id="131" path="p131.ply" count="2806"/>
  <projections camera_id="132" path="p132.ply" count="2626"/>
  <projections camera_id="133" path="p133.ply" count="2461"/>
  <projections camera_id="134" path="p134.ply" count="2483"/>
  <projections camera_id="135" path="p135.ply" count="2152"/>
  <projections camera_id="136" path="p136.ply" count="1516"/>
  <projections camera_id="137" path="p137.ply" count="1860"/>
  <projections camera_id="138" path="p138.ply" count="2113"/>
  <projections camera_id="139" path="p139.ply" count="2407"/>
  <projections camera_id="140" path="p140.ply" count="2280"/>
  <projections camera_id="141" path="p141.ply" count="2533"/>
  <projections camera_id="142" path="p142.ply" count="2620"/>
  <projections camera_id="143" path="p143.ply" count="2437"/>
  <projections camera_id="144" path="p144.ply" count="2611"/>
  <projections camera_id="145" path="p145.ply" count="2503"/>
  <projections camera_id="146" path="p146.ply" count="2921"/>
  <projections camera_id="147" path="p147.ply" count="3074"/>
  <projections camera_id="148" path="p148.ply" count="2209"/>
  <projections camera_id="149" path="p149.ply" count="1908"/>
  <projections camera_id="150" path="p150.ply" count="2076"/>
  <projections camera_id="151" path="p151.ply" count="2172"/>
  <projections camera_id="152" path="p152.ply" count="2241"/>
  <projections camera_id="153" path="p153.ply" count="1872"/>
  <projections camera_id="154" path="p154.ply" count="1749"/>
  <projections camera_id="155" path="p155.ply" count="2006"/>
  <projections camera_id="156" path="p156.ply" count="2694"/>
  <projections camera_id="157" path="p157.ply" count="2892"/>
  <projections camera_id="158" path="p158.ply" count="2727"/>
  <projections camera_id="159" path="p159.ply" count="2019"/>
  <projections camera_id="160" path="p160.ply" count="2990"/>
  <projections camera_id="161" path="p161.ply" count="2572"/>
  <projections camera_id="162" path="p162.ply" count="2067"/>
  <projections camera_id="163" path="p163.ply" count="1711"/>
  <projections camera_id="164" path="p164.ply" count="2256"/>
  <projections camera_id="165" path="p165.ply" count="2957"/>
  <projections camera_id="166" path="p166.ply" count="2892"/>
  <projections camera_id="167" path="p167.ply" count="2513"/>
  <projections camera_id="168" path="p168.ply" count="2781"/>
  <projections camera_id="169" path="p169.ply" count="3050"/>
  <projections camera_id="170" path="p170.ply" count="3263"/>
  <projections camera_id="171" path="p171.ply" count="3600"/>
  <projections camera_id="172" path="p172.ply" count="3550"/>
  <projections camera_id="173" path="p173.ply" count="3707"/>
  <projections camera_id="174" path="p174.ply" count="4350"/>
  <projections camera_id="175" path="p175.ply" count="3849"/>
  <projections camera_id="176" path="p176.ply" count="3621"/>
  <projections camera_id="177" path="p177.ply" count="3640"/>
  <projections camera_id="178" path="p178.ply" count="3054"/>
  <projections camera_id="179" path="p179.ply" count="3220"/>
  <projections camera_id="180" path="p180.ply" count="3598"/>
  <projections camera_id="181" path="p181.ply" count="3193"/>
  <projections camera_id="182" path="p182.ply" count="2857"/>
  <projections camera_id="183" path="p183.ply" count="3393"/>
  <projections camera_id="184" path="p184.ply" count="3847"/>
  <projections camera_id="185" path="p185.ply" count="3982"/>
  <projections camera_id="186" path="p186.ply" count="2999"/>
  <projections camera_id="187" path="p187.ply" count="2973"/>
  <projections camera_id="188" path="p188.ply" count="2673"/>
  <projections camera_id="189" path="p189.ply" count="2305"/>
  <projections camera_id="190" path="p190.ply" count="2149"/>
  <projections camera_id="191" path="p191.ply" count="2182"/>
  <projections camera_id="192" path="p192.ply" count="2184"/>
  <projections camera_id="193" path="p193.ply" count="2280"/>
  <projections camera_id="194" path="p194.ply" count="2401"/>
  <projections camera_id="195" path="p195.ply" count="2619"/>
  <projections camera_id="196" path="p196.ply" count="1706"/>
  <projections camera_id="197" path="p197.ply" count="2068"/>
  <projections camera_id="198" path="p198.ply" count="1990"/>
  <projections camera_id="199" path="p199.ply" count="2914"/>
  <projections camera_id="200" path="p200.ply" count="2901"/>
  <projections camera_id="201" path="p201.ply" count="3045"/>
  <projections camera_id="202" path="p202.ply" count="3106"/>
  <projections camera_id="203" path="p203.ply" count="2689"/>
  <projections camera_id="204" path="p204.ply" count="2647"/>
  <projections camera_id="205" path="p205.ply" count="2790"/>
  <projections camera_id="206" path="p206.ply" count="2467"/>
  <projections camera_id="207" path="p207.ply" count="2423"/>
  <projections camera_id="208" path="p208.ply" count="2409"/>
  <projections camera_id="209" path="p209.ply" count="2242"/>
  <projections camera_id="210" path="p210.ply" count="2127"/>
  <projections camera_id="211" path="p211.ply" count="1978"/>
  <projections camera_id="212" path="p212.ply" count="1882"/>
  <projections camera_id="213" path="p213.ply" count="1771"/>
  <projections camera_id="214" path="p214.ply" count="2083"/>
  <projections camera_id="215" path="p215.ply" count="2258"/>
  <projections camera_id="216" path="p216.ply" count="1987"/>
  <projections camera_id="217" path="p217.ply" count="2639"/>
  <projections camera_id="218" path="p218.ply" count="2309"/>
  <projections camera_id="219" path="p219.ply" count="2714"/>
  <projections camera_id="220" path="p220.ply" count="2798"/>
  <projections camera_id="221" path="p221.ply" count="2582"/>
  <projections camera_id="222" path="p222.ply" count="3057"/>
  <projections camera_id="223" path="p223.ply" count="3821"/>
  <projections camera_id="224" path="p224.ply" count="3502"/>
  <projections camera_id="225" path="p225.ply" count="3768"/>
  <projections camera_id="226" path="p226.ply" count="3933"/>
  <projections camera_id="227" path="p227.ply" count="3625"/>
  <projections camera_id="228" path="p228.ply" count="3519"/>
  <projections camera_id="229" path="p229.ply" count="4144"/>
  <projections camera_id="230" path="p230.ply" count="3263"/>
  <projections camera_id="231" path="p231.ply" count="3016"/>
  <projections camera_id="232" path="p232.ply" count="4250"/>
  <projections camera_id="233" path="p233.ply" count="3540"/>
  <projections camera_id="234" path="p234.ply" count="3627"/>
  <projections camera_id="235" path="p235.ply" count="4392"/>
  <projections camera_id="236" path="p236.ply" count="3503"/>
  <projections camera_id="237" path="p237.ply" count="3470"/>
  <projections camera_id="238" path="p238.ply" count="3305"/>
  <projections camera_id="239" path="p239.ply" count="2897"/>
  <projections camera_id="240" path="p240.ply" count="3510"/>
  <projections camera_id="241" path="p241.ply" count="4224"/>
  <projections camera_id="242" path="p242.ply" count="4110"/>
  <projections camera_id="243" path="p243.ply" count="4074"/>
  <projections camera_id="244" path="p244.ply" count="3643"/>
  <projections camera_id="245" path="p245.ply" count="3001"/>
  <projections camera_id="246" path="p246.ply" count="4093"/>
  <projections camera_id="247" path="p247.ply" count="4106"/>
  <projections camera_id="248" path="p248.ply" count="3800"/>
  <projections camera_id="249" path="p249.ply" count="3560"/>
  <projections camera_id="250" path="p250.ply" count="4423"/>
  <projections camera_id="251" path="p251.ply" count="4336"/>
  <projections camera_id="252" path="p252.ply" count="4639"/>
  <projections camera_id="253" path="p253.ply" count="3852"/>
  <projections camera_id="254" path="p254.ply" count="4547"/>
  <projections camera_id="255" path="p255.ply" count="4310"/>
  <projections camera_id="256" path="p256.ply" count="4099"/>
  <projections camera_id="257" path="p257.ply" count="4053"/>
  <projections camera_id="258" path="p258.ply" count="4112"/>
  <projections camera_id="259" path="p259.ply" count="3921"/>
  <projections camera_id="260" path="p260.ply" count="3693"/>
  <projections camera_id="261" path="p261.ply" count="3069"/>
  <projections camera_id="262" path="p262.ply" count="4049"/>
  <projections camera_id="263" path="p263.ply" count="3774"/>
  <projections camera_id="264" path="p264.ply" count="3539"/>
  <projections camera_id="265" path="p265.ply" count="4401"/>
  <projections camera_id="266" path="p266.ply" count="3421"/>
  <projections camera_id="267" path="p267.ply" count="4224"/>
  <projections camera_id="268" path="p268.ply" count="4396"/>
  <projections camera_id="269" path="p269.ply" count="3883"/>
  <projections camera_id="270" path="p270.ply" count="3861"/>
  <projections camera_id="271" path="p271.ply" count="4043"/>
  <projections camera_id="272" path="p272.ply" count="4579"/>
  <projections camera_id="273" path="p273.ply" count="4427"/>
  <projections camera_id="274" path="p274.ply" count="3662"/>
  <projections camera_id="275" path="p275.ply" count="3569"/>
  <projections camera_id="276" path="p276.ply" count="3387"/>
  <projections camera_id="277" path="p277.ply" count="3311"/>
  <projections camera_id="278" path="p278.ply" count="3367"/>
  <projections camera_id="279" path="p279.ply" count="3084"/>
  <projections camera_id="280" path="p280.ply" count="2933"/>
  <projections camera_id="281" path="p281.ply" count="2744"/>
  <projections camera_id="282" path="p282.ply" count="2629"/>
  <projections camera_id="283" path="p283.ply" count="2825"/>
  <projections camera_id="284" path="p284.ply" count="3062"/>
  <projections camera_id="285" path="p285.ply" count="3117"/>
  <projections camera_id="286" path="p286.ply" count="3320"/>
  <projections camera_id="287" path="p287.ply" count="3107"/>
  <projections camera_id="288" path="p288.ply" count="3427"/>
  <projections camera_id="289" path="p289.ply" count="3671"/>
  <projections camera_id="290" path="p290.ply" count="4023"/>
  <projections camera_id="291" path="p291.ply" count="2749"/>
  <projections camera_id="292" path="p292.ply" count="3790"/>
  <projections camera_id="293" path="p293.ply" count="3418"/>
  <projections camera_id="294" path="p294.ply" count="3675"/>
  <projections camera_id="295" path="p295.ply" count="3853"/>
  <projections camera_id="296" path="p296.ply" count="3182"/>
  <projections camera_id="297" path="p297.ply" count="3211"/>
  <projections camera_id="298" path="p298.ply" count="3142"/>
  <projections camera_id="299" path="p299.ply" count="3372"/>
  <projections camera_id="300" path="p300.ply" count="3895"/>
  <projections camera_id="301" path="p301.ply" count="3628"/>
  <projections camera_id="302" path="p302.ply" count="4537"/>
  <projections camera_id="303" path="p303.ply" count="4925"/>
  <projections camera_id="304" path="p304.ply" count="4351"/>
  <projections camera_id="305" path="p305.ply" count="3735"/>
  <projections camera_id="306" path="p306.ply" count="4033"/>
  <projections camera_id="307" path="p307.ply" count="4110"/>
  <projections camera_id="308" path="p308.ply" count="3822"/>
  <projections camera_id="309" path="p309.ply" count="4134"/>
  <projections camera_id="310" path="p310.ply" count="4350"/>
  <projections camera_id="311" path="p311.ply" count="4176"/>
  <projections camera_id="312" path="p312.ply" count="3507"/>
  <projections camera_id="313" path="p313.ply" count="4057"/>
  <projections camera_id="314" path="p314.ply" count="3256"/>
  <projections camera_id="315" path="p315.ply" count="3782"/>
  <projections camera_id="316" path="p316.ply" count="3067"/>
  <projections camera_id="317" path="p317.ply" count="3397"/>
  <projections camera_id="318" path="p318.ply" count="3503"/>
  <projections camera_id="319" path="p319.ply" count="3296"/>
  <projections camera_id="320" path="p320.ply" count="3763"/>
  <projections camera_id="321" path="p321.ply" count="3796"/>
  <projections camera_id="322" path="p322.ply" count="5009"/>
  <projections camera_id="323" path="p323.ply" count="4287"/>
  <projections camera_id="324" path="p324.ply" count="3872"/>
  <projections camera_id="325" path="p325.ply" count="4102"/>
  <projections camera_id="326" path="p326.ply" count="3838"/>
  <projections camera_id="327" path="p327.ply" count="4052"/>
  <projections camera_id="328" path="p328.ply" count="3918"/>
  <projections camera_id="329" path="p329.ply" count="4336"/>
  <projections camera_id="330" path="p330.ply" count="4245"/>
  <projections camera_id="331" path="p331.ply" count="3319"/>
  <projections camera_id="332" path="p332.ply" count="3571"/>
  <projections camera_id="333" path="p333.ply" count="3851"/>
  <projections camera_id="334" path="p334.ply" count="4025"/>
  <projections camera_id="335" path="p335.ply" count="4715"/>
  <projections camera_id="336" path="p336.ply" count="4057"/>
  <projections camera_id="337" path="p337.ply" count="3692"/>
  <projections camera_id="338" path="p338.ply" count="3748"/>
  <projections camera_id="339" path="p339.ply" count="3150"/>
  <projections camera_id="340" path="p340.ply" count="3825"/>
  <projections camera_id="341" path="p341.ply" count="3347"/>
  <projections camera_id="342" path="p342.ply" count="3887"/>
  <projections camera_id="343" path="p343.ply" count="3552"/>
  <projections camera_id="344" path="p344.ply" count="4425"/>
  <projections camera_id="345" path="p345.ply" count="3555"/>
  <projections camera_id="346" path="p346.ply" count="3577"/>
  <projections camera_id="347" path="p347.ply" count="3299"/>
  <projections camera_id="348" path="p348.ply" count="3421"/>
  <projections camera_id="349" path="p349.ply" count="4324"/>
  <projections camera_id="350" path="p350.ply" count="4271"/>
  <projections camera_id="351" path="p351.ply" count="4398"/>
  <projections camera_id="352" path="p352.ply" count="3278"/>
  <projections camera_id="353" path="p353.ply" count="4020"/>
  <projections camera_id="354" path="p354.ply" count="3892"/>
  <projections camera_id="355" path="p355.ply" count="4281"/>
  <projections camera_id="356" path="p356.ply" count="4434"/>
  <projections camera_id="357" path="p357.ply" count="4692"/>
  <projections camera_id="358" path="p358.ply" count="4065"/>
  <projections camera_id="359" path="p359.ply" count="3961"/>
  <projections camera_id="360" path="p360.ply" count="3973"/>
  <projections camera_id="361" path="p361.ply" count="3991"/>
  <projections camera_id="362" path="p362.ply" count="3976"/>
  <projections camera_id="363" path="p363.ply" count="4296"/>
  <projections camera_id="364" path="p364.ply" count="4342"/>
  <projections camera_id="365" path="p365.ply" count="4818"/>
  <projections camera_id="366" path="p366.ply" count="4276"/>
  <projections camera_id="367" path="p367.ply" count="4342"/>
  <projections camera_id="368" path="p368.ply" count="4538"/>
  <projections camera_id="369" path="p369.ply" count="4687"/>
  <projections camera_id="370" path="p370.ply" count="4526"/>
  <projections camera_id="371" path="p371.ply" count="4288"/>
  <projections camera_id="372" path="p372.ply" count="3945"/>
  <projections camera_id="373" path="p373.ply" count="4414"/>
  <projections camera_id="374" path="p374.ply" count="3983"/>
  <projections camera_id="375" path="p375.ply" count="3988"/>
  <projections camera_id="376" path="p376.ply" count="4343"/>
  <projections camera_id="377" path="p377.ply" count="4490"/>
  <projections camera_id="378" path="p378.ply" count="4334"/>
  <projections camera_id="379" path="p379.ply" count="3798"/>
  <projections camera_id="380" path="p380.ply" count="3747"/>
  <projections camera_id="381" path="p381.ply" count="3746"/>
  <projections camera_id="382" path="p382.ply" count="4641"/>
  <projections camera_id="383" path="p383.ply" count="4557"/>
  <projections camera_id="384" path="p384.ply" count="5047"/>
  <projections camera_id="385" path="p385.ply" count="4976"/>
  <projections camera_id="386" path="p386.ply" count="4568"/>
  <projections camera_id="387" path="p387.ply" count="4958"/>
  <projections camera_id="388" path="p388.ply" count="4677"/>
  <projections camera_id="389" path="p389.ply" count="4370"/>
  <projections camera_id="390" path="p390.ply" count="4430"/>
  <projections camera_id="391" path="p391.ply" count="4835"/>
  <projections camera_id="392" path="p392.ply" count="4251"/>
  <projections camera_id="393" path="p393.ply" count="4133"/>
  <projections camera_id="394" path="p394.ply" count="4952"/>
  <projections camera_id="395" path="p395.ply" count="4440"/>
  <projections camera_id="396" path="p396.ply" count="4486"/>
  <projections camera_id="397" path="p397.ply" count="4379"/>
  <projections camera_id="398" path="p398.ply" count="4297"/>
  <projections camera_id="399" path="p399.ply" count="4813"/>
  <projections camera_id="400" path="p400.ply" count="4719"/>
  <projections camera_id="401" path="p401.ply" count="4782"/>
  <projections camera_id="402" path="p402.ply" count="4187"/>
  <projections camera_id="403" path="p403.ply" count="4230"/>
  <projections camera_id="404" path="p404.ply" count="4233"/>
  <projections camera_id="405" path="p405.ply" count="4641"/>
  <projections camera_id="406" path="p406.ply" count="3872"/>
  <projections camera_id="407" path="p407.ply" count="4508"/>
  <projections camera_id="408" path="p408.ply" count="4581"/>
  <projections camera_id="409" path="p409.ply" count="4396"/>
  <projections camera_id="410" path="p410.ply" count="4665"/>
  <projections camera_id="411" path="p411.ply" count="4198"/>
  <projections camera_id="412" path="p412.ply" count="4345"/>
  <projections camera_id="413" path="p413.ply" count="4233"/>
  <projections camera_id="414" path="p414.ply" count="4441"/>
  <projections camera_id="415" path="p415.ply" count="4425"/>
  <projections camera_id="416" path="p416.ply" count="4071"/>
  <projections camera_id="417" path="p417.ply" count="3914"/>
  <projections camera_id="418" path="p418.ply" count="3903"/>
  <projections camera_id="419" path="p419.ply" count="5356"/>
  <projections camera_id="420" path="p420.ply" count="5301"/>
  <projections camera_id="421" path="p421.ply" count="5443"/>
  <projections camera_id="422" path="p422.ply" count="5241"/>
  <projections camera_id="423" path="p423.ply" count="5503"/>
  <projections camera_id="424" path="p424.ply" count="4664"/>
  <projections camera_id="425" path="p425.ply" count="5009"/>
  <projections camera_id="426" path="p426.ply" count="5250"/>
  <projections camera_id="427" path="p427.ply" count="4767"/>
  <projections camera_id="428" path="p428.ply" count="4674"/>
  <projections camera_id="429" path="p429.ply" count="4976"/>
  <projections camera_id="430" path="p430.ply" count="4840"/>
  <projections camera_id="431" path="p431.ply" count="4473"/>
  <projections camera_id="432" path="p432.ply" count="4656"/>
  <projections camera_id="433" path="p433.ply" count="4796"/>
  <projections camera_id="434" path="p434.ply" count="4665"/>
  <projections camera_id="435" path="p435.ply" count="4855"/>
  <projections camera_id="436" path="p436.ply" count="4592"/>
  <projections camera_id="437" path="p437.ply" count="4704"/>
  <projections camera_id="438" path="p438.ply" count="5089"/>
  <projections camera_id="439" path="p439.ply" count="4437"/>
  <projections camera_id="440" path="p440.ply" count="4536"/>
  <projections camera_id="441" path="p441.ply" count="4464"/>
  <projections camera_id="442" path="p442.ply" count="4308"/>
  <projections camera_id="443" path="p443.ply" count="4277"/>
  <projections camera_id="444" path="p444.ply" count="4225"/>
  <projections camera_id="445" path="p445.ply" count="4124"/>
  <projections camera_id="446" path="p446.ply" count="3699"/>
  <projections camera_id="447" path="p447.ply" count="3534"/>
  <projections camera_id="448" path="p448.ply" count="4253"/>
  <projections camera_id="449" path="p449.ply" count="4294"/>
  <projections camera_id="450" path="p450.ply" count="3989"/>
  <projections camera_id="451" path="p451.ply" count="3863"/>
  <projections camera_id="452" path="p452.ply" count="4131"/>
  <projections camera_id="453" path="p453.ply" count="3978"/>
  <projections camera_id="454" path="p454.ply" count="4746"/>
  <projections camera_id="455" path="p455.ply" count="4932"/>
  <projections camera_id="456" path="p456.ply" count="4721"/>
  <projections camera_id="457" path="p457.ply" count="4766"/>
  <projections camera_id="458" path="p458.ply" count="4852"/>
  <projections camera_id="459" path="p459.ply" count="5408"/>
  <projections camera_id="460" path="p460.ply" count="5806"/>
  <projections camera_id="461" path="p461.ply" count="5541"/>
  <projections camera_id="462" path="p462.ply" count="5377"/>
  <projections camera_id="463" path="p463.ply" count="5638"/>
  <projections camera_id="464" path="p464.ply" count="5371"/>
  <projections camera_id="465" path="p465.ply" count="6819"/>
  <projections camera_id="466" path="p466.ply" count="5715"/>
  <projections camera_id="467" path="p467.ply" count="5828"/>
  <projections camera_id="468" path="p468.ply" count="5878"/>
  <projections camera_id="469" path="p469.ply" count="6062"/>
  <projections camera_id="470" path="p470.ply" count="6274"/>
  <projections camera_id="471" path="p471.ply" count="5813"/>
  <projections camera_id="472" path="p472.ply" count="5472"/>
  <projections camera_id="473" path="p473.ply" count="5679"/>
  <projections camera_id="474" path="p474.ply" count="6261"/>
  <projections camera_id="475" path="p475.ply" count="5810"/>
  <projections camera_id="476" path="p476.ply" count="6035"/>
  <projections camera_id="477" path="p477.ply" count="6488"/>
  <projections camera_id="478" path="p478.ply" count="5883"/>
  <projections camera_id="479" path="p479.ply" count="6119"/>
  <projections camera_id="480" path="p480.ply" count="6464"/>
  <projections camera_id="481" path="p481.ply" count="6377"/>
  <projections camera_id="482" path="p482.ply" count="5872"/>
  <projections camera_id="483" path="p483.ply" count="6106"/>
  <projections camera_id="484" path="p484.ply" count="5790"/>
  <projections camera_id="485" path="p485.ply" count="5142"/>
  <projections camera_id="486" path="p486.ply" count="5106"/>
  <projections camera_id="487" path="p487.ply" count="4985"/>
  <projections camera_id="488" path="p488.ply" count="4704"/>
  <projections camera_id="489" path="p489.ply" count="4919"/>
  <projections camera_id="490" path="p490.ply" count="5295"/>
  <projections camera_id="491" path="p491.ply" count="4626"/>
  <projections camera_id="492" path="p492.ply" count="5383"/>
  <projections camera_id="493" path="p493.ply" count="4502"/>
  <projections camera_id="494" path="p494.ply" count="5386"/>
  <projections camera_id="495" path="p495.ply" count="4879"/>
  <projections camera_id="496" path="p496.ply" count="4691"/>
  <projections camera_id="497" path="p497.ply" count="5794"/>
  <projections camera_id="498" path="p498.ply" count="4803"/>
  <projections camera_id="499" path="p499.ply" count="4667"/>
  <projections camera_id="500" path="p500.ply" count="4505"/>
  <projections camera_id="501" path="p501.ply" count="4457"/>
  <projections camera_id="502" path="p502.ply" count="4129"/>
  <projections camera_id="503" path="p503.ply" count="3803"/>
  <projections camera_id="504" path="p504.ply" count="3791"/>
  <projections camera_id="505" path="p505.ply" count="3797"/>
  <projections camera_id="506" path="p506.ply" count="3622"/>
  <projections camera_id="507" path="p507.ply" count="3313"/>
  <projections camera_id="508" path="p508.ply" count="3067"/>
  <projections camera_id="509" path="p509.ply" count="3194"/>
  <projections camera_id="510" path="p510.ply" count="2978"/>
  <projections camera_id="511" path="p511.ply" count="3130"/>
  <projections camera_id="512" path="p512.ply" count="2909"/>
  <projections camera_id="513" path="p513.ply" count="2818"/>
  <projections camera_id="514" path="p514.ply" count="2795"/>
  <projections camera_id="515" path="p515.ply" count="2779"/>
  <projections camera_id="516" path="p516.ply" count="2546"/>
  <projections camera_id="517" path="p517.ply" count="2075"/>
  <projections camera_id="518" path="p518.ply" count="2071"/>
  <projections camera_id="519" path="p519.ply" count="2200"/>
  <projections camera_id="520" path="p520.ply" count="2542"/>
  <projections camera_id="521" path="p521.ply" count="2054"/>
  <projections camera_id="522" path="p522.ply" count="2172"/>
  <projections camera_id="523" path="p523.ply" count="2067"/>
  <projections camera_id="524" path="p524.ply" count="1775"/>
  <projections camera_id="525" path="p525.ply" count="2395"/>
  <projections camera_id="526" path="p526.ply" count="3137"/>
  <projections camera_id="527" path="p527.ply" count="2752"/>
  <projections camera_id="528" path="p528.ply" count="2794"/>
  <projections camera_id="529" path="p529.ply" count="2805"/>
  <projections camera_id="530" path="p530.ply" count="4400"/>
  <projections camera_id="531" path="p531.ply" count="3857"/>
  <projections camera_id="532" path="p532.ply" count="4067"/>
  <projections camera_id="533" path="p533.ply" count="4374"/>
  <projections camera_id="534" path="p534.ply" count="3812"/>
  <projections camera_id="535" path="p535.ply" count="3868"/>
  <projections camera_id="536" path="p536.ply" count="2779"/>
  <projections camera_id="537" path="p537.ply" count="3276"/>
  <projections camera_id="538" path="p538.ply" count="2911"/>
  <projections camera_id="539" path="p539.ply" count="2227"/>
  <projections camera_id="540" path="p540.ply" count="2726"/>
  <projections camera_id="541" path="p541.ply" count="3369"/>
  <projections camera_id="542" path="p542.ply" count="3812"/>
  <projections camera_id="543" path="p543.ply" count="4194"/>
  <projections camera_id="544" path="p544.ply" count="4043"/>
  <projections camera_id="545" path="p545.ply" count="4129"/>
  <projections camera_id="546" path="p546.ply" count="3714"/>
  <projections camera_id="547" path="p547.ply" count="2850"/>
  <projections camera_id="548" path="p548.ply" count="3544"/>
  <projections camera_id="549" path="p549.ply" count="2460"/>
  <projections camera_id="550" path="p550.ply" count="1836"/>
  <projections camera_id="551" path="p551.ply" count="2354"/>
  <projections camera_id="552" path="p552.ply" count="2674"/>
  <projections camera_id="553" path="p553.ply" count="3007"/>
  <projections camera_id="554" path="p554.ply" count="3233"/>
  <projections camera_id="555" path="p555.ply" count="3428"/>
  <projections camera_id="556" path="p556.ply" count="3686"/>
  <projections camera_id="557" path="p557.ply" count="3239"/>
  <projections camera_id="558" path="p558.ply" count="3507"/>
  <projections camera_id="559" path="p559.ply" count="3543"/>
  <projections camera_id="560" path="p560.ply" count="3264"/>
  <projections camera_id="561" path="p561.ply" count="3158"/>
  <projections camera_id="562" path="p562.ply" count="3068"/>
  <projections camera_id="563" path="p563.ply" count="3126"/>
  <projections camera_id="564" path="p564.ply" count="3149"/>
  <projections camera_id="565" path="p565.ply" count="3293"/>
  <projections camera_id="566" path="p566.ply" count="3210"/>
  <projections camera_id="567" path="p567.ply" count="2762"/>
  <projections camera_id="568" path="p568.ply" count="2521"/>
  <projections camera_id="569" path="p569.ply" count="2257"/>
  <projections camera_id="570" path="p570.ply" count="2267"/>
  <projections camera_id="571" path="p571.ply" count="2216"/>
  <projections camera_id="572" path="p572.ply" count="2056"/>
  <projections camera_id="573" path="p573.ply" count="1988"/>
  <projections camera_id="574" path="p574.ply" count="2119"/>
  <projections camera_id="575" path="p575.ply" count="2295"/>
  <projections camera_id="576" path="p576.ply" count="2281"/>
  <projections camera_id="577" path="p577.ply" count="2040"/>
  <projections camera_id="578" path="p578.ply" count="1530"/>
  <projections camera_id="579" path="p579.ply" count="2582"/>
  <projections camera_id="580" path="p580.ply" count="1886"/>
  <projections camera_id="581" path="p581.ply" count="1570"/>
  <projections camera_id="582" path="p582.ply" count="1983"/>
  <projections camera_id="583" path="p583.ply" count="1504"/>
  <projections camera_id="584" path="p584.ply" count="1380"/>
  <projections camera_id="585" path="p585.ply" count="1408"/>
  <projections camera_id="586" path="p586.ply" count="1369"/>
  <projections camera_id="587" path="p587.ply" count="1390"/>
  <projections camera_id="588" path="p588.ply" count="1479"/>
  <projections camera_id="589" path="p589.ply" count="1651"/>
  <projections camera_id="590" path="p590.ply" count="2195"/>
  <projections camera_id="591" path="p591.ply" count="2406"/>
  <projections camera_id="592" path="p592.ply" count="1636"/>
  <meta>
    <property name="Info/LastSavedDateTime" value="2022:04:14 07:58:04"/>
    <property name="Info/LastSavedSoftwareVersion" value="1.8.2.0"/>
    <property name="Info/OriginalDateTime" value="2022:04:14 06:38:56"/>
    <property name="Info/OriginalSoftwareVersion" value="1.8.2.0"/>
    <property name="MatchPhotos/cameras" value=""/>
    <property name="MatchPhotos/descriptor_type" value="binary"/>
    <property name="MatchPhotos/descriptor_version" value="1.1.0"/>
    <property name="MatchPhotos/downscale" value="1"/>
    <property name="MatchPhotos/duration" value="116.105462"/>
    <property name="MatchPhotos/filter_stationary_points" value="true"/>
    <property name="MatchPhotos/generic_preselection" value="true"/>
    <property name="MatchPhotos/guided_matching" value="false"/>
    <property name="MatchPhotos/keep_keypoints" value="false"/>
    <property name="MatchPhotos/keypoint_limit" value="40000"/>
    <property name="MatchPhotos/keypoint_limit_per_mpx" value="1000"/>
    <property name="MatchPhotos/max_workgroup_size" value="100"/>
    <property name="MatchPhotos/ram_used" value="1512382464"/>
    <property name="MatchPhotos/reference_preselection" value="false"/>
    <property name="MatchPhotos/reference_preselection_mode" value="0"/>
    <property name="MatchPhotos/reset_matches" value="false"/>
    <property name="MatchPhotos/subdivide_task" value="true"/>
    <property name="MatchPhotos/tiepoint_limit" value="0"/>
    <property name="MatchPhotos/workitem_size_cameras" value="20"/>
    <property name="MatchPhotos/workitem_size_pairs" value="80"/>
  </meta>
</point_cloud>
